"Order Numbers","Order Dates"
686,2017-02-01
687,2017-02-02
688,2017-02-02
689,2017-02-02
690,2017-02-03
691,2017-02-04
692,2017-02-05
693,2017-02-05
694,2017-02-05
695,2017-02-05
696,2017-02-05
697,2017-02-06
698,2017-02-06
699,2017-02-06
700,2017-02-07
701,2017-02-07
702,2017-02-08
703,2017-02-08
704,2017-02-08
705,2017-02-08
706,2017-02-09
707,2017-02-09
708,2017-02-10
709,2017-02-11
710,2017-02-13
711,2017-02-13
712,2017-02-13
713,2017-02-13
714,2017-02-14
715,2017-02-15
716,2017-02-15
717,2017-02-15
718,2017-02-16
719,2017-02-16
720,2017-02-16
721,2017-02-16
722,2017-02-18
723,2017-02-19
724,2017-02-19
725,2017-02-19
726,2017-02-19
727,2017-02-19
728,2017-02-20
729,2017-02-20
730,2017-02-21
731,2017-02-25
732,2017-02-26
733,2017-02-26
734,2017-02-26
735,2017-02-27
736,2017-02-27
737,2017-02-27
738,2017-02-28
739,2017-02-28
740,2017-02-28
741,2017-02-28
742,2017-02-28
